City_ID,City,Cloudiness,Country,Date,Humidity,Lat,Lng,Max Temp,Wind Speed
0,Punta Arenas,75,CL,1610999225,62,-53.15,-70.9167,55.4,18.41
1,Hermanus,0,ZA,1610999227,78,-34.4187,19.2345,69.01,1.01
2,Mahon,0,ES,1610999387,81,39.8885,4.2658,44.6,4.61
3,Antofagasta,20,CL,1610999185,64,-23.65,-70.4,73.99,16.11
4,Kavieng,58,PG,1610999273,73,-2.5744,150.7967,82.83,12.84
5,Abay,0,KZ,1610999391,84,49.6311,72.8539,-4.0,8.95
6,Carnarvon,0,AU,1610999012,94,-24.8667,113.6333,80.6,6.91
7,Orbetello,0,IT,1610999394,100,42.4408,11.2196,37.4,6.91
8,Pierre,90,US,1610999396,80,44.3683,-100.351,33.8,12.66
9,Korla,79,CN,1610999397,82,41.7597,86.1469,16.88,2.13
10,Rabo de Peixe,20,PT,1610999398,88,37.8,-25.5833,61.0,14.97
11,Hobart,40,AU,1610998971,50,-42.8794,147.3294,50.0,17.27
12,Mataura,93,NZ,1610999269,91,-46.1927,168.8643,50.0,1.63
13,Kalmunai,79,LK,1610998922,88,7.4167,81.8167,74.62,9.6
14,Hilo,90,US,1610999314,64,19.7297,-155.09,75.2,3.44
15,Vaini,20,TO,1610999302,83,-21.2,-175.2,82.4,9.22
16,Cape Town,0,ZA,1610999306,77,-33.9258,18.4232,70.0,11.5
17,Ribeira Grande,40,PT,1610999320,88,38.5167,-28.7,62.6,21.85
18,Vangaindrano,100,MG,1610999407,92,-23.35,47.6,76.78,2.28
19,Bulgan,0,MN,1610999408,81,48.8125,103.5347,8.71,3.33
20,Almaznyy,0,RU,1610999410,85,48.0448,40.045,6.8,4.47
21,Coquimbo,20,CL,1610998944,72,-29.9533,-71.3436,64.4,13.8
22,Ostrovnoy,80,RU,1610998863,96,68.0531,39.5131,20.55,11.54
23,Jamestown,90,US,1610999057,93,42.097,-79.2353,30.99,11.5
24,Ucluelet,20,CA,1610999414,100,48.9329,-125.5528,45.0,4.61
25,Lagoa,100,PT,1610998944,84,39.05,-27.9833,61.61,25.95
26,Cabo San Lucas,20,MX,1610999327,50,22.8909,-109.9124,79.0,5.75
27,Atuona,52,PF,1610999251,74,-9.8,-139.0333,78.6,19.19
28,Usinsk,44,RU,1610999419,86,65.9939,57.5281,-27.65,7.85
29,Chokurdakh,0,RU,1610999007,85,70.6333,147.9167,-32.49,2.26
30,Butaritari,68,KI,1610999057,81,3.0707,172.7902,80.38,17.94
31,Ushuaia,75,AR,1610999229,66,-54.8,-68.3,51.8,12.66
32,Goianira,40,BR,1610999424,69,-16.4961,-49.4264,80.6,8.05
33,Kieta,100,PG,1610998832,77,-6.2167,155.6333,79.43,1.1
34,Khovd,49,MN,1610999008,76,48.0056,91.6419,3.0,1.48
35,Waverly,90,US,1610999427,86,42.7392,-84.6208,32.0,11.5
36,Coripata,75,BO,1610999428,81,-16.3,-67.6,46.4,5.75
37,Rikitea,51,PF,1610999233,74,-23.1203,-134.9692,78.66,13.82
38,Constitución,0,CL,1610999305,49,-35.3333,-72.4167,70.16,8.86
39,Arraial do Cabo,0,BR,1610999249,54,-22.9661,-42.0278,87.8,21.85
40,Karratha,40,AU,1610999017,47,-20.7377,116.8463,89.94,6.62
41,Barrow,90,US,1610999434,78,71.2906,-156.7887,-2.2,19.57
42,Gijang,0,KR,1610999435,50,35.2442,129.2139,24.8,5.75
43,Geraldton,90,AU,1610999284,65,-28.7667,114.6,78.8,4.61
44,Busselton,0,AU,1610999047,66,-33.65,115.3333,64.99,7.23
45,Rawson,0,AR,1610999265,47,-43.3002,-65.1023,72.12,13.31
46,Sajanan,40,TN,1610999440,71,37.0573,9.2426,51.8,6.91
47,George Town,20,MY,1610999352,78,5.4112,100.3354,78.8,6.89
48,Bratsk,75,RU,1610999443,92,56.1325,101.6142,15.8,4.47
49,Puerto Ayora,75,EC,1610999272,100,-0.7393,-90.3518,80.01,9.22
50,Zacualpan,1,MX,1610999445,28,21.25,-105.1667,82.4,6.49
51,Saposoa,40,PE,1610999446,49,-6.934,-76.7716,95.0,5.75
52,New Norfolk,61,AU,1610999266,55,-42.7826,147.0587,50.0,1.99
53,Tiksi,100,RU,1610998851,86,71.6872,128.8694,-27.51,6.62
54,Tasiilaq,45,GL,1610999342,53,65.6145,-37.6368,19.4,3.44
55,Tessalit,11,ML,1610999450,21,20.1986,1.0114,68.88,9.13
56,Bredasdorp,2,ZA,1610999292,77,-34.5322,20.0403,68.0,9.22
57,Bubaque,3,GW,1610998834,58,11.2833,-15.8333,79.74,11.25
58,Katsuura,20,JP,1610998983,46,35.1333,140.3,48.2,27.63
59,Albany,100,US,1610999013,69,42.6001,-73.9662,37.0,10.67
60,Dārāb,0,IR,1610999456,44,28.7519,54.5444,50.11,1.39
61,Paragominas,70,BR,1610999458,76,-2.9667,-47.4833,79.7,2.13
62,Fontem,19,CM,1610999459,61,5.4685,9.8818,72.23,0.45
63,Hervey Bay,72,AU,1610999460,91,-25.2986,152.8535,70.0,11.01
64,Mnogovershinnyy,42,RU,1610999344,82,53.9353,139.9242,-28.26,6.31
65,Clyde River,75,CA,1610999374,78,70.4692,-68.5914,1.4,2.3
66,Yellowknife,90,CA,1610999224,85,62.456,-114.3525,5.0,4.61
67,Souillac,75,MU,1610999290,100,-20.5167,57.5167,78.8,10.36
68,Port Hedland,90,AU,1610999031,43,-20.3167,118.5667,89.6,13.8
69,São Filipe,100,CV,1610998775,63,14.8961,-24.4956,73.81,8.12
70,Nikolskoye,0,RU,1610999468,93,59.7035,30.7861,21.2,2.24
71,Kaitangata,95,NZ,1610999469,71,-46.2817,169.8464,55.0,10.0
72,Kapaa,90,US,1610999250,77,22.0752,-159.319,68.0,23.02
73,Tura,0,IN,1610999472,64,25.5198,90.2201,59.2,1.86
74,Sarangani,100,PH,1610999473,80,5.4033,125.4636,80.98,10.09
75,Mayya,90,RU,1610999474,50,61.7333,130.2811,-61.6,1.95
76,Bambous Virieux,75,MU,1610998804,100,-20.3428,57.7575,80.01,10.36
77,Faanui,8,PF,1610999324,75,-16.4833,-151.75,81.16,16.06
78,Esperance,0,AU,1610999104,77,-33.8667,121.9,60.8,16.11
79,Saint-Philippe,20,RE,1610998982,78,-21.3585,55.7679,80.6,2.3
80,Wanaka,99,NZ,1610999480,78,-44.7,169.15,50.0,1.01
81,São José da Coroa Grande,9,BR,1610999481,72,-8.8978,-35.1478,80.33,9.4
82,Fortuna,1,US,1610999260,71,40.5982,-124.1573,59.0,6.35
83,Los Llanos de Aridane,75,ES,1610999156,68,28.6585,-17.9182,64.4,6.91
84,Kautokeino,9,NO,1610999485,93,69.0125,23.0412,11.41,2.53
85,Te Anau,100,NZ,1610999113,88,-45.4167,167.7167,49.17,5.73
86,Thompson,90,CA,1610999041,77,55.7435,-97.8558,-5.8,2.3
87,Voi,100,KE,1610999488,74,-3.3945,38.563,75.78,4.18
88,Upernavik,76,GL,1610999489,93,72.7868,-56.1549,14.36,7.76
89,Morros,58,BR,1610999490,50,-9.4467,-46.3003,86.13,5.28
90,Bariloche,0,AR,1610999264,24,-41.1456,-71.3082,86.0,24.16
91,Tadine,100,NC,1610999493,86,-21.55,167.8833,79.68,4.99
92,Noormarkku,90,FI,1610999494,93,61.5927,21.8685,30.2,6.91
93,Basoko,29,CD,1610999495,70,1.2391,23.616,77.95,4.36
94,Faya,0,SA,1610999497,88,18.3851,42.4509,59.0,2.86
95,Mapastepec,21,MX,1610999498,44,15.4333,-92.9,88.59,8.19
96,Baharly,0,TM,1610999499,46,38.4362,57.4316,51.12,4.81
97,Rio Grande,40,BR,1610998918,47,-32.035,-52.0986,80.6,9.22
98,Port Macquarie,40,AU,1610999501,100,-31.4333,152.9167,66.2,5.75
99,Hasaki,20,JP,1610999085,69,35.7333,140.8333,37.0,3.44
100,Mehamn,75,NO,1610999503,69,71.0357,27.8492,35.6,24.16
101,Sechura,100,PE,1610999505,60,-5.5569,-80.8222,77.81,12.06
102,Qaanaaq,100,GL,1610999294,82,77.484,-69.3632,3.61,5.88
103,Hīrna,14,ET,1610999507,51,9.2167,41.1,57.15,3.09
104,Bethel,54,US,1610999039,60,41.3712,-73.414,42.01,10.51
105,Glückstadt,100,DE,1610999509,91,53.7833,9.4167,39.99,5.01
106,Abalak,93,RU,1610999510,91,58.1286,68.5944,-8.16,7.2
107,Garoowe,70,SO,1610999511,54,8.4054,48.4845,72.68,11.39
108,Hukuntsi,87,BW,1610999513,41,-24.0,21.75,84.02,8.93
109,Koslan,84,RU,1610999514,90,63.4564,48.8989,-8.73,5.82
110,Shemursha,100,RU,1610999515,91,54.8866,47.5189,-5.85,2.91
111,Astoria,1,US,1610999516,87,46.1879,-123.8313,48.0,3.44
112,Bengkulu,82,ID,1610999016,87,-3.8004,102.2655,74.07,5.37
113,Wau,0,SS,1610999519,20,7.7029,27.9953,78.71,4.79
114,Cayenne,90,GF,1610999520,70,4.9333,-52.3333,84.2,13.8
115,Bluff,100,NZ,1610999252,91,-46.6,168.3333,50.0,11.68
116,San Policarpo,100,PH,1610999522,93,12.1791,125.5072,76.57,17.9
117,Launceston,62,AU,1610998995,57,-41.45,147.1667,46.99,1.14
118,San Miguel de Tucumán,20,AR,1610999525,42,-26.8241,-65.2226,84.2,10.36
119,Saint Paul Harbor,90,US,1610999345,93,57.79,-152.4072,41.0,3.44
120,Avarua,75,CK,1610999322,70,-21.2078,-159.775,86.0,6.91
121,Kupang,100,ID,1610999528,83,-10.1667,123.5833,79.25,7.94
122,East London,75,ZA,1610999363,77,-33.0153,27.9116,70.9,20.11
123,Mushie,94,CD,1610999531,91,-3.0167,16.9,73.58,3.33
124,Dingcheng,0,CN,1610999532,67,32.1272,115.0394,39.96,4.65
125,Klaksvík,75,FO,1610999069,93,62.2266,-6.589,33.8,6.96
126,Woodland,1,US,1610999534,12,38.6785,-121.7733,69.8,20.71
127,Distrikt Brokopondo,100,SR,1610999535,78,4.75,-55.1667,81.7,4.23
128,Hay River,90,CA,1610999536,92,60.8156,-115.7999,8.6,4.45
129,Atbasar,3,KZ,1610998888,89,51.8,68.3333,-4.67,6.35
130,Sintea Mare,90,RO,1610999539,86,46.5167,21.6,23.0,6.91
131,Hithadhoo,0,MV,1610999540,65,-0.6,73.0833,80.56,3.42
132,Atar,100,MR,1610999354,23,20.5169,-13.0499,64.62,12.62
133,Zhigansk,51,RU,1610999542,75,66.7697,123.3711,-50.37,5.99
134,Mount Gambier,90,AU,1610999109,76,-37.8333,140.7667,55.4,6.91
135,San Ignacio,90,BZ,1610999545,78,17.1561,-89.0714,71.6,4.61
136,Port-Cartier,99,CA,1610999546,69,50.0334,-66.8654,28.4,10.36
137,Lebu,0,CL,1610999547,74,-37.6167,-73.65,63.1,23.44
138,Beloha,100,MG,1610999046,91,-25.1667,45.05,75.78,4.25
139,El Alto,20,PE,1610999549,54,-4.2714,-81.2147,86.0,10.36
140,Zirándaro de los Chávez,48,MX,1610999551,29,18.45,-100.9833,96.6,1.12
141,Northam,100,GB,1610999552,93,51.0333,-4.2167,51.01,14.0
142,Mossamedes,85,AO,1610999553,75,-15.1961,12.1522,73.26,10.96
143,Garbagnate Milanese,84,IT,1610999554,90,45.5765,9.0717,33.01,1.1
144,Goya,0,AR,1610999555,19,-29.14,-59.2626,86.47,5.59
145,Namatanai,81,PG,1610999556,78,-3.6667,152.4333,79.5,5.59
146,Fairbanks,75,US,1610999292,51,64.8378,-147.7164,37.4,11.5
147,Smithers,90,CA,1610999559,93,54.7804,-127.1743,30.2,3.44
148,Tianpeng,0,CN,1610999560,1,30.9866,103.9393,41.0,2.75
149,Isangel,75,VU,1610999561,89,-19.55,169.2667,78.8,2.91
150,Titlāgarh,6,IN,1610999562,66,20.3,83.15,60.73,1.86
151,Port Lincoln,44,AU,1610999563,83,-34.7333,135.8667,58.3,11.81
152,Khatanga,0,RU,1610999288,81,71.9667,102.5,-31.97,14.23
153,Nahrin,73,AF,1610999566,48,36.0649,69.1334,46.67,8.21
154,Nizhniy Kuranakh,60,RU,1610999567,73,58.8353,125.4869,-41.31,1.23
155,São Raimundo Nonato,81,BR,1610999461,40,-9.0153,-42.6994,88.41,5.41
156,Presidencia Roque Sáenz Peña,0,AR,1610999570,25,-26.7852,-60.4388,87.01,4.0
157,Petropavlovsk-Kamchatskiy,100,RU,1610999571,46,53.0452,158.6483,24.8,20.13
158,Vanimo,98,PG,1610998976,82,-2.6741,141.3028,77.34,3.6
159,Huarmey,41,PE,1610999573,69,-10.0681,-78.1522,75.63,11.63
160,Ponta do Sol,67,PT,1610999197,62,32.6667,-17.1,57.0,1.99
161,Pevek,93,RU,1610999357,85,69.7008,170.3133,-31.68,5.3
162,Richards Bay,98,ZA,1610999576,83,-28.783,32.0377,72.41,4.56
163,Green Valley,0,US,1610999578,8,31.8543,-110.9937,75.0,13.78
164,Santa Cruz de Barahona,40,DO,1610999579,79,18.2085,-71.1008,87.8,11.5
165,Talnakh,100,RU,1610999580,89,69.4865,88.3972,-9.62,3.06
166,Progreso,40,MX,1610999582,44,21.2833,-89.6667,78.8,6.91
167,Nador,0,MA,1610999583,76,35.174,-2.9287,53.6,1.9
168,Cidreira,11,BR,1610999321,68,-30.1811,-50.2056,74.28,12.15
169,Ilulissat,40,GL,1610999318,57,69.2167,-51.1,12.2,1.14
170,Udarnyy,100,RU,1610999586,92,54.3409,42.8611,-1.53,3.09
171,Aksarka,100,RU,1610999128,85,66.5606,67.7975,-19.77,6.49
172,Quelimane,40,MZ,1610999589,89,-17.8786,36.8883,82.4,4.36
173,Vallenar,0,CL,1610999590,27,-28.5708,-70.7581,84.45,10.36
174,Port Keats,100,AU,1610999591,72,-14.25,129.55,79.86,6.26
175,Arrondissement de Saint-Denis,20,FR,1610999592,75,48.9167,2.3333,42.8,11.5
176,Pangnirtung,90,CA,1610999594,62,66.1451,-65.7125,12.2,13.8
177,Tuktoyaktuk,20,CA,1610999299,77,69.4541,-133.0374,-4.0,10.36
178,Ures,0,MX,1610999596,19,29.4333,-110.4,81.0,5.99
179,Airai,100,TL,1610999234,100,-8.9266,125.4092,60.87,1.57
180,Saint Anthony,90,US,1610999598,63,45.0205,-93.218,23.0,9.22
181,Mahébourg,75,MU,1610999300,100,-20.4081,57.7,78.8,10.36
182,Zhangjiakou,0,CN,1610999600,86,40.81,114.8794,12.81,7.74
183,Tegh,1,AM,1610999601,84,39.5579,46.4772,33.53,3.38
184,Narsaq,75,GL,1610999274,57,60.9167,-46.05,17.6,3.44
185,Watertown,75,US,1610999604,45,42.3709,-71.1828,46.0,16.11
186,Dikson,3,RU,1610999605,83,73.5069,80.5464,-19.21,19.24
187,Sur,0,OM,1610999606,64,22.5667,59.5289,67.98,3.42
188,Lázaro Cárdenas,8,MX,1610999607,54,17.9583,-102.2,84.18,8.68
189,Belmonte,20,BR,1610999608,70,-15.8631,-38.8828,84.2,4.61
190,Riyadh,0,SA,1610999556,27,24.6877,46.7219,66.2,6.91
191,Obeliai,49,LT,1610999611,93,55.9667,25.15,7.45,6.8
192,Comodoro Rivadavia,75,AR,1610999612,38,-45.8667,-67.5,75.2,16.11
193,Mahibadhoo,14,MV,1610999613,77,3.7833,72.9667,81.66,9.28
194,Mar del Plata,0,AR,1610999455,35,-38.0023,-57.5575,86.0,14.97
195,Tabory,0,RU,1610999615,90,58.5198,64.5495,-9.38,5.23
196,Saldanha,0,ZA,1610999617,77,-33.0117,17.9442,66.2,10.36
197,Waipawa,20,NZ,1610999618,68,-41.4122,175.5153,64.4,20.71
198,Makakilo City,20,US,1610999620,83,21.3469,-158.0858,71.6,8.05
199,Kargasok,93,RU,1610999621,89,59.0556,80.8572,-14.03,9.17
200,Raudeberg,49,NO,1610999622,69,61.9875,5.1352,41.0,15.03
201,Alofi,40,NU,1610999359,94,-19.0595,-169.9187,80.6,3.44
202,Hofn,75,IS,1610999186,65,64.2539,-15.2082,37.4,24.16
203,Krasnosel'kup,98,RU,1610999626,89,65.7,82.4667,-15.83,2.15
204,Lebanon,40,US,1610999627,43,36.2081,-86.2911,50.0,5.75
205,Muros,0,ES,1610999628,93,42.7762,-9.0603,48.0,5.01
206,Baykit,100,RU,1610999630,84,61.67,96.37,-16.19,3.13
207,Rangāpāra,84,IN,1610999631,56,26.8167,92.65,64.24,3.22
208,Amzya,100,RU,1610999632,89,56.2354,54.3868,-10.8,2.19
209,Saskylakh,100,RU,1610999633,83,71.9167,114.0833,-33.65,4.88
210,Port Alfred,75,ZA,1610999237,89,-33.5906,26.891,69.01,5.01
211,Tibati,49,CM,1610999636,20,6.4667,12.6333,74.39,7.16
212,Mayachnyy,100,RU,1610999637,94,52.6839,55.685,7.84,6.87
213,Westport,90,US,1610999618,45,41.1415,-73.3579,45.0,11.5
214,Terra Nova,92,BR,1610999639,50,-12.3667,-40.6667,80.53,5.68
215,Capiíbary,81,PY,1610999640,62,-24.8,-56.0333,80.98,6.11
216,Olinda,20,BR,1610999642,69,-8.0089,-34.8553,78.8,10.36
217,Bom Jesus,100,BR,1610999643,42,-9.0744,-44.3586,89.13,3.96
218,Raja,35,SS,1610999644,21,8.4596,25.678,73.18,5.23
219,Half Moon Bay,1,US,1610999645,17,37.4636,-122.4286,71.6,14.97
220,Saint-François,90,FR,1610999646,81,46.4154,3.9054,37.99,4.61
221,Almenara,1,BR,1610999647,46,-16.1836,-40.6944,85.64,4.94
222,Baruun-Urt,4,MN,1610999106,89,46.6806,113.2792,-5.6,9.62
223,Oranjestad,75,AW,1610999622,94,12.524,-70.027,77.0,10.36
224,Preobrazheniye,0,RU,1610999651,79,42.9019,133.9064,-2.92,12.19
225,Char Bhadrāsan,20,BD,1610999652,82,23.3167,90.2167,62.6,4.63
226,Kushiro,100,JP,1610999158,97,42.975,144.3747,20.93,17.74
227,Panjāb,98,AF,1610999655,85,34.388,67.0233,14.95,1.3
228,Longyearbyen,20,SJ,1610999565,68,78.2186,15.6401,19.4,24.16
229,Dromolaxia,75,CY,1610999657,87,34.8761,33.586,50.0,9.22
230,Martapura,90,ID,1610999658,100,-3.4167,114.85,73.4,2.3
231,Vágur,99,FO,1610999659,81,61.4732,-6.8119,40.35,12.26
232,Mount Isa,0,AU,1610999114,42,-20.7333,139.5,82.4,5.75
233,Yakovlevo,90,RU,1610999662,92,50.8603,36.4478,5.0,4.47
234,Murfreesboro,75,US,1610999663,35,35.8456,-86.3903,52.0,10.36
235,Severo-Kuril'sk,88,RU,1610999244,90,50.6789,156.125,18.79,33.24
236,Tamandaré,11,BR,1610999665,70,-8.7597,-35.1047,80.62,8.34
237,Dunedin,75,NZ,1610999435,83,-45.8742,170.5036,57.0,5.99
238,Mareeba,100,AU,1610999100,83,-17.0,145.4333,77.0,2.3
239,Tuy Hoa,100,VN,1610999669,88,13.0833,109.3,64.98,11.36
240,Bundaberg,86,AU,1610999670,94,-24.85,152.35,73.0,6.91
241,Port Hardy,90,CA,1610999671,93,50.6996,-127.4199,42.8,2.53
242,Najrān,0,SA,1610999163,31,17.4924,44.1277,62.6,1.36
243,Marawi,100,PH,1610999361,93,7.9986,124.2928,73.99,5.01
244,Haines Junction,100,CA,1610999675,86,60.7522,-137.5108,30.2,8.05
245,Saint George,1,US,1610999149,22,37.1041,-113.5841,57.99,4.61
246,Khoy,0,IR,1610999677,71,38.5504,44.9535,37.09,8.52
247,Kobryn,59,BY,1610999678,92,52.2138,24.3564,3.34,4.14
248,San Andrés,20,CO,1610999679,70,12.5847,-81.7006,84.2,13.8
249,Taveta,75,KE,1610999680,83,-3.3963,37.6736,71.6,7.14
250,Latung,100,PH,1610999682,80,5.5,120.8833,80.24,9.04
251,Dudinka,100,RU,1610999683,89,69.4058,86.1778,-13.88,9.04
252,Poyarkovo,0,RU,1610999684,80,49.6,128.6833,-24.39,6.38
253,Iberia,1,US,1610999685,29,29.9502,-91.7507,62.6,6.91
254,Oranjemund,27,NA,1610999686,88,-28.55,16.4333,66.52,9.17
255,Pleszew,99,PL,1610999688,95,51.8964,17.7855,26.01,6.51
256,Asău,75,RO,1610998909,85,46.4333,26.4,5.0,5.75
257,Port Elizabeth,40,ZA,1610999690,88,-33.918,25.5701,68.0,16.11
258,Miragoâne,99,HT,1610999691,68,18.4423,-73.0876,79.77,5.21
259,Lavrentiya,100,RU,1610999146,88,65.5833,-171.0,-11.69,10.13
260,Santa Isabel Rio Negro,58,BR,1610999693,57,-0.4139,-65.0192,89.28,3.8
261,Lüderitz,0,NA,1610999695,84,-26.6481,15.1594,66.25,12.48
262,Torbay,90,CA,1610999696,81,47.6666,-52.7314,41.0,13.8
263,Três Lagoas,99,BR,1610999697,61,-20.7511,-51.6783,84.83,1.88
264,Kuala Terengganu,20,MY,1610999698,78,5.3302,103.1408,77.0,3.44
265,Laguna,1,US,1610999178,15,38.421,-121.4238,70.0,23.02
266,Mandalgovi,95,MN,1610999335,88,45.7625,106.2708,6.15,3.29
267,Sembakung,100,ID,1610999702,97,3.8167,117.25,73.0,1.72
268,Corund,75,RO,1610999714,86,46.4667,25.1833,21.2,2.3
269,Wagar,0,SD,1610999715,78,16.1525,36.2032,64.44,21.14
270,Provideniya,75,RU,1610999717,78,64.3833,-173.3,-2.2,13.42
271,Nanortalik,100,GL,1610999332,84,60.1432,-45.2371,27.86,5.03
272,Fallon,1,US,1610999719,36,39.4735,-118.7774,48.0,8.05
273,Vila Franca do Campo,20,PT,1610999373,88,37.7167,-25.4333,61.0,14.97
274,Broken Hill,0,AU,1610999722,63,-31.95,141.4333,60.8,13.8
275,Lorengau,88,PG,1610999723,80,-2.0226,147.2712,81.81,10.76
276,Paamiut,100,GL,1610999063,83,61.994,-49.6678,28.92,5.73
277,Ginda,0,IN,1610999725,52,30.6945,78.4932,42.4,5.46
278,Pisco,0,PE,1610999215,78,-13.7,-76.2167,73.0,9.22
279,Kirakira,91,SB,1610999727,77,-10.4544,161.9205,81.82,5.93
280,Savannah Bight,90,HN,1610999729,94,16.45,-85.85,80.01,6.91
281,Verkhnyaya Maksakovka,35,RU,1610999730,83,61.635,50.9674,-20.2,2.24
282,Berlevåg,75,NO,1610999731,69,70.8578,29.0864,35.6,24.16
283,Brekstad,0,NO,1610999732,86,63.687,9.6654,34.0,17.27
284,Flinders,98,AU,1610999733,87,-34.5833,150.8552,70.0,1.01
285,Krasnyy Chikoy,0,RU,1610999735,87,50.3643,108.7512,-4.0,2.64
286,Uíge,100,AO,1610999736,81,-7.6087,15.0613,68.43,1.3
287,Chui,0,UY,1610999737,58,-33.6971,-53.4616,71.74,11.54
288,Aykhal,32,RU,1610999248,74,66.0,111.5,-49.29,3.96
289,Morant Bay,20,JM,1610999485,58,17.8815,-76.4093,87.8,3.44
290,Nago,1,JP,1610999740,87,26.5881,127.9761,55.4,8.05
291,Kavaratti,0,IN,1610999741,71,10.5669,72.642,81.37,2.3
292,Porto-Novo,40,BJ,1610999743,79,6.4965,2.6036,84.2,10.36
293,Kununurra,82,AU,1610999744,69,-15.7667,128.7333,82.4,4.61
294,Adré,0,TD,1610999745,22,13.4667,22.2,68.23,14.7
295,Klyuchi,72,RU,1610999746,92,52.2667,79.1667,-2.81,4.79
296,Samfya,100,ZM,1610999747,89,-11.3649,29.5565,68.83,4.14
297,Oktyabr'skiy,100,RU,1610999748,90,54.4815,53.471,-2.2,5.17
298,Pavino,94,RU,1610999749,92,59.1139,46.1414,-4.94,3.53
299,Ahmadpur East,0,PK,1610999751,42,29.1431,71.2598,52.95,8.41
300,Freeport,90,US,1610999635,49,40.6576,-73.5832,46.0,9.22
301,Kaeo,81,NZ,1610999753,83,-35.1,173.7833,68.0,11.01
302,Caravelas,0,BR,1610999754,66,-17.7125,-39.2481,81.63,8.23
303,Nuuk,20,GL,1610999755,50,64.1835,-51.7216,26.6,3.44
304,Ardmore,40,US,1610999757,55,34.1743,-97.1436,62.01,14.97
305,Mogadishu,100,SO,1610999758,74,2.0371,45.3438,77.36,20.98
306,Dingle,100,PH,1610999759,93,10.9995,122.6711,72.99,9.62
307,Pijiño del Carmen,96,CO,1610999760,38,9.3291,-74.453,92.84,3.71
308,Alice Springs,0,AU,1610999761,41,-23.7,133.8833,60.8,8.37
309,Soyo,10,AO,1610999762,77,-6.1349,12.3689,79.83,12.1
310,Frankfort,55,ZA,1610999764,72,-27.2667,28.4833,64.69,11.92
311,Tomatlán,4,MX,1610999765,35,19.9333,-105.25,87.71,8.46
312,Kapit,100,MY,1610999766,94,2.0167,112.9333,73.13,0.27
313,Srednekolymsk,72,RU,1610999181,81,67.45,153.6833,-42.61,2.8
314,Egvekinot,99,RU,1610999768,86,66.3167,-179.1667,-19.05,11.45
315,Uarini,40,BR,1610999769,70,-2.99,-65.1083,87.8,5.75
316,Aiken,1,US,1610999770,32,33.5835,-81.5998,54.0,18.41
317,Lincoln,90,US,1610999594,80,40.8,-96.667,36.0,8.05
318,Maniitsoq,100,GL,1610999773,85,65.4167,-52.9,26.17,5.88
319,Puerto Escondido,2,MX,1610998982,65,15.85,-97.0667,82.47,7.49
320,Kota Belud,20,MY,1610999775,100,6.351,116.4305,73.4,4.45
321,Farafangana,100,MG,1610999777,89,-22.8167,47.8333,75.96,5.61
322,Kloulklubed,90,PW,1610999778,100,7.0419,134.2556,73.4,4.61
323,Koshurnikovo,100,RU,1610999779,98,54.1667,93.3,17.89,4.09
324,Patea,55,NZ,1610999780,88,-39.7583,174.4833,69.01,8.99
325,Kudahuvadhoo,81,MV,1610999781,73,2.6708,72.8944,81.66,8.68
326,Novoaleksandrovsk,100,RU,1610999782,97,45.4948,41.2207,22.3,7.18
327,Chake Chake,100,TZ,1610999784,81,-5.2459,39.7666,79.7,12.53
328,Kiryat Gat,0,IL,1610999785,100,31.61,34.7642,53.01,10.38
329,Bragança,100,BR,1610999786,91,-1.0536,-46.7656,79.32,2.64
330,Kamenka,100,RU,1610999787,88,51.3223,42.7678,6.01,2.06
331,Fort Nelson,20,CA,1610999213,64,58.8053,-122.7002,30.2,5.75
332,Gelemso,11,ET,1610999790,45,8.8167,40.5167,59.94,7.49
333,Cherskiy,57,RU,1610999791,81,68.75,161.3,-41.94,2.37
334,Yerbogachën,100,RU,1610999792,85,61.2767,108.0108,-25.04,7.76
335,Sørland,40,NO,1610999793,80,67.667,12.6934,33.8,8.05
336,Nikšić,0,ME,1610999794,80,42.7731,18.9445,35.6,2.3
337,Fort Saint James,98,CA,1610999795,96,54.4333,-124.25,27.81,2.62
338,Bonthe,54,SL,1610999796,81,7.5264,-12.505,79.09,8.05
339,Omboué,98,GA,1610999798,83,-1.5746,9.2618,78.85,7.34
340,Severo-Yeniseyskiy,100,RU,1610999799,95,60.3725,93.0408,4.41,8.16
341,Shakiso,71,ET,1610999800,34,5.75,38.9167,59.38,3.06
342,Broome,90,US,1610999801,69,42.2506,-75.833,35.01,11.5
343,Salym,80,RU,1610999802,88,60.0625,71.4789,-19.86,6.02
344,Lokosovo,99,RU,1610999804,87,61.1333,74.8167,-18.27,9.42
345,Keetmanshoop,80,NA,1610999805,22,-26.5833,18.1333,84.99,15.01
346,Kahului,75,US,1610999664,68,20.8947,-156.47,73.4,16.11
347,Port Blair,15,IN,1610999808,74,11.6667,92.75,79.11,11.88
348,Tuatapere,100,NZ,1610999809,92,-46.1333,167.6833,51.01,3.0
349,Pala,48,TD,1610999810,18,9.3642,14.9046,76.55,6.91
350,Bathsheba,40,BB,1610999811,65,13.2167,-59.5167,84.2,24.16
351,Acapulco de Juárez,1,MX,1610999812,74,16.8634,-99.8901,84.2,6.91
352,Castro,100,BR,1610999286,95,-24.7911,-50.0119,69.1,1.19
353,Havre-St-Pierre,90,CA,1610999815,86,50.2334,-63.5986,26.6,18.41
354,Kanniyākumāri,59,IN,1610999816,79,8.0833,77.5667,76.1,22.06
355,Xinmin,0,CN,1610999817,64,41.9908,122.8253,-9.4,4.47
356,Antsohihy,100,MG,1610999818,94,-14.8796,47.9875,76.96,2.3
357,Jérémie,100,HT,1610999819,61,18.65,-74.1167,81.07,7.34
358,Plouzané,90,FR,1610999820,100,48.3833,-4.6167,50.0,21.85
359,Sobolevo,100,RU,1610999821,92,54.4299,31.8996,-2.45,2.48
360,Poum,98,NC,1610999823,83,-20.2333,164.0167,81.82,14.7
361,Ulaangom,35,MN,1610999824,85,49.9811,92.0667,-21.53,0.72
362,North Bend,1,US,1610999367,81,43.4065,-124.2243,50.0,5.75
363,Bumbuna,0,SL,1610999826,25,9.05,-11.7333,77.27,2.33
364,Luena,100,AO,1610999827,93,-11.7833,19.9167,65.46,5.91
365,Nantucket,1,US,1610999828,57,41.2835,-70.0995,44.6,25.32
366,Guerrero Negro,0,MX,1610999048,22,27.9769,-114.0611,75.9,3.98
367,Panzhihua,7,CN,1610999830,84,26.5851,101.7128,35.01,0.65
368,Aljezur,0,PT,1610999832,100,37.3191,-8.8033,45.0,1.01
369,Chara,99,RU,1610999833,66,56.9064,118.2631,-27.98,1.19
370,Kruisfontein,0,ZA,1610999834,79,-34.0033,24.7314,69.01,4.0
371,Matara,100,LK,1610999835,91,5.9485,80.5353,74.57,4.41
372,Labuhan,100,ID,1610999836,87,-6.8844,112.2051,77.58,9.75
373,Linguère,100,SN,1610999837,15,15.3953,-15.1193,78.78,10.27
374,Payo,100,ID,1610999838,95,-3.7508,103.6372,70.93,2.82
375,Orgtrud,100,RU,1610999839,91,56.1832,40.6149,-4.38,2.53
376,Pavlodar,0,KZ,1610999841,77,52.3,76.95,-5.8,4.47
377,Kinkala,40,CG,1610999842,70,-4.3614,14.7644,84.2,4.61
378,Gamba,100,GA,1610999843,82,-2.65,10.0,78.62,5.59
379,Port-Gentil,20,GA,1610999844,89,-0.7193,8.7815,80.6,12.66
380,Usvyaty,89,RU,1610999845,94,55.7456,30.7533,2.32,2.84
381,New Hope,90,US,1610999846,63,45.038,-93.3866,23.0,9.22
382,Husavik,75,IS,1610999315,93,66.0449,-17.3389,32.0,21.85
383,Gigmoto,100,PH,1610999849,85,13.7796,124.39,78.04,11.52
384,Leningradskiy,99,RU,1610999850,83,69.3833,178.4167,-24.56,8.72
385,Elk City,1,US,1610999851,37,35.412,-99.4043,51.8,19.57
386,Ayan,0,RU,1610999852,72,56.45,138.1667,-27.6,10.69
387,Bandarbeyla,88,SO,1610999853,59,9.4942,50.8122,75.16,22.06
388,Nizhniy Odes,0,RU,1610999854,87,63.6445,54.856,-20.78,4.07
389,Phalaborwa,100,ZA,1610999855,94,-23.943,31.1411,73.4,8.05
390,Todos Santos,0,MX,1610999857,75,23.45,-110.2167,72.0,5.01
391,Mbandaka,62,CD,1610999858,71,0.0487,18.2603,76.42,2.21
392,Venezuela,100,VE,1610999859,30,8.0,-66.0,93.27,14.05
393,Balkanabat,90,TM,1610999860,54,39.5108,54.3671,50.68,3.44
394,Ocós,40,GT,1610999862,62,14.5094,-92.1933,89.6,6.91
395,Mpanda,71,TZ,1610999863,91,-6.3655,31.0409,66.51,1.66
396,Christchurch,100,NZ,1610999864,45,-43.5333,172.6333,64.99,12.66
397,Andros Town,100,BS,1610999866,57,24.7,-77.7667,71.87,9.62
398,Bilibino,62,RU,1610999867,77,68.0546,166.4372,-33.21,0.87
399,Oddur,20,SO,1610999868,31,4.1213,43.8894,78.13,12.3
400,Prince Albert,90,CA,1610999869,93,53.2001,-105.7677,17.6,5.75
401,Daru,100,PG,1610999870,83,-9.0763,143.2092,80.04,1.43
402,Yeniseysk,100,RU,1610999871,94,58.4497,92.1703,10.04,8.61
403,Grindavik,75,IS,1610999872,86,63.8424,-22.4338,32.0,23.02
404,Waharoa,28,NZ,1610999874,89,-37.7667,175.7667,63.0,1.01
405,Wajir,100,KE,1610999875,20,1.7471,40.0573,86.97,10.51
406,Hamilton,90,US,1610999102,69,39.1834,-84.5333,33.8,11.5
407,Thinadhoo,0,MV,1610999877,62,0.5333,72.9333,80.78,1.14
408,Mayo,90,US,1610999337,39,38.8876,-76.5119,46.0,12.66
409,Jumla,4,NP,1610999879,79,29.2747,82.1838,34.61,2.62
410,Jacmel,75,HT,1610999881,58,18.2342,-72.5347,84.2,9.22
411,Ardakān,0,IR,1610999882,20,32.31,54.0175,48.2,2.3
412,Nogliki,0,RU,1610999883,86,51.8333,143.1667,-19.89,6.87
413,Kumul,3,CN,1610999884,75,42.8,93.45,15.42,4.21
414,Ahipara,8,NZ,1610999885,80,-35.1667,173.1667,67.93,10.25
415,Skjervøy,75,NO,1610999886,64,70.0311,20.9714,33.8,6.91
416,Novoil'insk,54,RU,1610999888,88,51.6829,108.7143,-7.29,2.04
417,Ixtapa,40,MX,1610999889,60,20.7,-105.2,75.2,5.75
418,Necochea,0,AR,1610999890,42,-38.5473,-58.7368,82.0,5.68
419,Brae,40,GB,1610999891,75,60.3964,-1.353,42.8,21.85
420,Hong Kong,47,HK,1610999892,76,22.2855,114.1577,57.0,14.23
421,Vitim,100,RU,1610999893,85,59.4511,112.5578,-20.76,2.53
422,Petapa,75,GT,1610999894,56,14.5028,-90.5517,75.0,16.11
423,Tateyama,0,JP,1610999896,48,34.9833,139.8667,46.0,7.0
424,Rundu,100,NA,1610999897,79,-17.9333,19.7667,68.02,4.45
425,Tambopata,90,PE,1610999898,88,-12.7333,-69.1833,69.8,6.91
426,Onokhoy,56,RU,1610999899,76,51.932,108.0747,-22.0,2.24
427,Sinop Province,3,TR,1610999672,90,41.7711,34.8709,19.29,9.19
428,Doumé,1,CM,1610999902,31,4.2333,13.45,72.14,1.48
429,Niterói,20,BR,1610999715,51,-22.8833,-43.1036,93.2,14.97
430,Norman Wells,20,CA,1610999904,84,65.282,-126.8329,-4.0,5.75
431,Nelson Bay,75,AU,1610999905,88,-32.7167,152.15,71.01,9.22
432,Tegul'det,100,RU,1610999906,93,57.3064,88.1667,5.79,10.45
433,Piracuruca,95,BR,1610999907,54,-3.9281,-41.7092,86.25,1.03
434,Khandyga,100,RU,1610999909,76,62.6667,135.6,-50.53,0.74
435,Gorno-Altaysk,100,RU,1610999910,96,51.9561,85.955,17.01,1.05
436,Berislăveşti,90,RO,1610999911,68,45.25,24.4167,21.2,16.11
437,Sistranda,0,NO,1610999912,86,63.7256,8.834,30.2,17.27
438,São Félix do Xingu,80,BR,1610999913,71,-6.6447,-51.995,83.59,3.6
439,Jala,4,MX,1610999914,28,21.0833,-104.4333,82.99,3.42
440,Baijiantan,71,CN,1610999915,89,45.6333,85.1833,2.98,1.95
441,Slatina,0,RO,1610999782,73,44.4333,24.3667,23.0,13.8
442,Pacific Grove,1,US,1610999918,24,36.6177,-121.9166,72.0,13.8
443,Mékhé,100,SN,1610999919,43,15.1097,-16.6218,71.6,12.66
444,Ipoti,17,NG,1610999920,39,7.8738,5.0769,77.47,3.22
445,Tromsø,40,NO,1610999921,93,69.6496,18.957,28.99,2.3
446,Charters Towers,100,AU,1610999922,93,-20.1,146.2667,69.66,4.23
447,Havelock,20,US,1610999924,38,34.8791,-76.9013,55.99,18.41
448,Vostok,100,RU,1610999925,89,46.4856,135.8833,-17.36,4.12
449,Vestmannaeyjar,21,IS,1610999346,81,63.4427,-20.2734,36.18,27.63
450,Walvis Bay,46,NA,1610999927,82,-22.9575,14.5053,68.0,13.8
451,Muravlenko,100,RU,1610999928,87,63.7898,74.523,-18.65,17.16
452,Aden,12,YE,1610999738,74,12.7794,45.0367,76.82,6.87
453,Kul'dur,78,RU,1610999930,83,49.2167,131.6333,-23.44,6.42
454,Marfino,75,RU,1610999932,85,55.7028,37.3822,3.0,4.47
455,Acaraú,66,BR,1610999933,69,-2.8856,-40.12,82.83,14.97
456,Povenets,100,RU,1610999934,97,62.8487,34.8262,16.39,5.53
457,Elko,91,US,1610999935,48,41.0002,-115.5012,37.99,8.01
458,Barra de Tecoanapa,5,MX,1610999936,60,16.5167,-98.75,83.07,10.45
459,Padang,40,ID,1610999937,94,-0.9492,100.3543,73.4,2.3
460,Wuwei,0,CN,1610999938,70,37.9281,102.6414,21.87,2.3
461,Lieksa,100,FI,1610999940,96,63.3167,30.0167,22.23,11.07
462,Sitka,90,US,1610999941,76,57.0531,-135.33,44.6,21.85
463,Igrim,98,RU,1610999942,86,63.1906,64.4162,-18.9,5.41
464,Ancud,40,CL,1610999943,64,-41.8697,-73.8203,71.6,8.05
465,Kajaani,90,FI,1610999944,93,64.2273,27.7285,23.0,8.05
466,Kropotkin,100,RU,1610999946,98,45.4375,40.5756,21.27,5.84
467,Les Cayes,70,HT,1610999947,54,18.2,-73.75,84.06,2.28
468,Gmina Połaniec,99,PL,1610999948,56,50.4332,21.2812,12.0,1.01
469,La Santisima Trinidad,75,BO,1610999949,65,-14.8333,-64.9,78.8,9.22
470,Hare Bay,34,CA,1610999950,75,48.8499,-54.0148,37.4,9.22
471,San Patricio,75,US,1610999951,64,28.017,-97.5169,77.0,19.57
472,Anadyr,75,RU,1610999953,69,64.75,177.4833,-22.0,13.42
473,Dubbo,0,AU,1610999954,66,-32.25,148.6167,53.6,2.55
474,Gari,0,RU,1610999955,88,59.4307,62.3497,-11.97,4.76
475,Lakselv,75,NO,1610999956,93,70.0513,24.9718,24.8,3.44
476,Nova Olímpia,100,BR,1610999946,96,-14.7972,-57.2881,71.13,3.69
477,Yangi Marg`ilon,100,UZ,1610999958,80,40.4272,71.7189,33.8,4.61
478,Camopi,100,GF,1610999960,95,3.1655,-52.3158,76.39,4.45
479,Chengde,21,CN,1610999961,84,40.9725,117.9361,6.31,1.1
480,Tynset,0,NO,1610999962,77,62.2759,10.7824,-13.0,1.14
481,Alenquer,75,BR,1610999963,83,-1.9417,-54.7383,82.4,2.3
482,Barão de Melgaço,75,BR,1610999965,70,-16.1944,-55.9675,84.2,9.22
483,Praia,100,CV,1610999966,68,14.9215,-23.5087,73.4,19.57
484,Isla Vista,1,US,1610999967,28,34.4133,-119.861,75.0,3.44
485,Tsabong,98,BW,1610999968,32,-26.0217,22.401,88.7,8.61
486,Jacareacanga,20,BR,1610999969,62,-6.2222,-57.7528,89.6,4.61
487,Vardø,40,NO,1610999970,74,70.3705,31.1107,32.0,21.85
488,Rome,90,US,1610999765,74,43.2128,-75.4557,30.99,11.5
489,Muzhi,100,RU,1610999973,84,65.3667,64.6667,-15.03,8.32
490,Jiancheng,0,CN,1610999974,81,30.391,104.5491,34.0,1.99
491,Naifaru,60,MV,1610999975,68,5.4444,73.3657,82.26,15.28
492,Semīrom,0,IR,1610999977,91,31.4167,51.5667,29.66,5.64
493,Allāpalli,0,IN,1610999978,42,19.4167,80.0667,62.87,2.62
494,Chepelare,0,BG,1610999979,59,41.7333,24.6833,28.0,13.8
495,Bushehr,0,IR,1610999980,88,28.9684,50.8385,64.4,4.61
496,Portland,40,US,1610999891,76,45.5234,-122.6762,46.99,5.17
497,Deputatsky,78,RU,1610999982,84,69.3,139.9,-39.08,3.02
498,Turukhansk,100,RU,1610999983,86,65.8167,87.9833,-13.04,12.37
499,Amalāpuram,2,IN,1610999716,91,16.5833,82.0167,66.52,2.37
500,Mulchén,0,CL,1610999986,24,-37.7167,-72.2333,91.4,14.97
501,Minot,90,US,1610999756,79,48.2325,-101.2963,17.6,8.05
502,Severobaykal'sk,100,RU,1610999988,89,55.65,109.3167,-7.58,5.19
503,Gīdolē,23,ET,1610999989,37,5.65,37.3667,62.96,7.43
504,Sabirabad,75,AZ,1610999990,81,40.0095,48.4752,41.0,18.41
505,Grand-Santi,100,GF,1610999991,93,4.25,-54.3833,78.58,3.94
506,Luangwa,100,ZM,1610999992,88,-15.6167,30.4167,76.66,2.68
507,Udachny,55,RU,1610999994,75,66.4167,112.4,-52.06,3.94
508,Alexandria,0,EG,1610999995,66,31.2156,29.9553,53.6,9.22
509,Poya,68,NC,1610999996,84,-21.35,165.15,79.11,4.81
510,Galle,100,LK,1610999997,85,6.0367,80.217,76.91,2.91
511,Ada,1,US,1610999942,80,43.4166,-116.1262,39.99,6.91
512,High Rock,75,BS,1611000000,68,26.6208,-78.2833,68.0,11.5
513,Kunashak,22,RU,1611000008,77,55.7032,61.5498,-4.0,6.71
514,São Domingos,60,BR,1611000009,59,-13.3983,-46.3183,82.31,4.07
515,Xiaoweizhai,0,CN,1611000011,70,26.1903,107.5125,38.88,2.28
516,Ciudad del Carmen,90,MX,1610999871,64,18.6333,-91.8333,71.6,9.22
517,Issia,0,CI,1611000014,54,6.4922,-6.5856,79.93,2.62
518,Harper,4,LR,1611000015,78,4.375,-7.7169,79.02,4.14
519,Hambantota,98,LK,1611000017,83,6.1241,81.1185,75.43,11.27
520,Tairua,78,NZ,1611000019,91,-37.0167,175.85,63.0,1.99
521,Parabel',37,RU,1611000020,88,58.6978,81.4825,-15.48,8.43
522,Terra Rica,99,BR,1611000044,90,-22.7094,-52.6169,75.11,8.28
523,Biak,100,ID,1611000046,82,-0.9131,122.8766,77.25,2.71
524,Kushima,20,JP,1611000047,49,31.4583,131.2333,46.4,11.5
525,Gizo Government Station,97,SB,1611000048,76,-8.103,156.8419,82.98,11.81
526,Ishigaki,93,JP,1611000006,67,24.3448,124.1572,62.76,19.62
527,Tolmachëvo,20,RU,1611000050,85,54.9824,82.7363,1.4,11.18
528,Sangar,17,RU,1611000052,71,63.9242,127.4739,-53.14,2.82
